prediction,attack_probability,threat_severity,uncertainty,criticality,decision_score,risk_level,decision_priority,human_review_required,recommended_action,important_features,decision_reason
1,0.8853402733802795,0.8853402733802795,0.22931945323944092,0.5,0.7291361093521118,HIGH,P2,True,Escalate and Investigate,"cat__proto_igmp, num__sttl, cat__proto_unas",Risk=HIGH; attack_probability=0.885; uncertainty=0.229
1,0.8542810082435608,0.8542810082435608,0.2914379835128784,0.5,0.7167124032974242,HIGH,P2,True,Escalate and Investigate,"cat__proto_igmp, cat__proto_unas, num__sttl",Risk=HIGH; attack_probability=0.854; uncertainty=0.291
1,0.7183166146278381,0.7183166146278381,0.5633667707443237,0.5,0.6623266458511352,HIGH,P2,True,Escalate and Investigate,"cat__proto_igmp, cat__proto_unas, num__sttl",Risk=HIGH; attack_probability=0.718; uncertainty=0.563
1,0.6518653631210327,0.6518653631210327,0.6962692737579346,0.5,0.635746145248413,HIGH,P2,True,Escalate and Investigate,"cat__proto_igmp, cat__proto_unas, num__sttl",Risk=HIGH; attack_probability=0.652; uncertainty=0.696
1,0.7034931182861328,0.7034931182861328,0.5930137634277344,0.5,0.656397247314453,HIGH,P2,True,Escalate and Investigate,"cat__proto_igmp, cat__proto_unas, num__sttl",Risk=HIGH; attack_probability=0.703; uncertainty=0.593
1,0.8744500279426575,0.8744500279426575,0.25109994411468506,0.5,0.7247800111770629,HIGH,P2,True,Escalate and Investigate,"cat__proto_igmp, cat__proto_unas, num__sttl",Risk=HIGH; attack_probability=0.874; uncertainty=0.251
1,0.7866309285163879,0.7866309285163879,0.4267381429672241,0.5,0.6896523714065551,HIGH,P2,True,Escalate and Investigate,"cat__proto_igmp, cat__proto_unas, num__sttl",Risk=HIGH; attack_probability=0.787; uncertainty=0.427
1,0.6470782160758972,0.6470782160758972,0.7058435678482056,0.5,0.6338312864303588,HIGH,P2,True,Escalate and Investigate,"cat__proto_igmp, cat__proto_unas, num__sttl",Risk=HIGH; attack_probability=0.647; uncertainty=0.706
0,0.0001240874407812953,0.0001240874407812953,0.0002481748815625906,0.5,0.07512408744078129,LOW,P4,False,Monitor,"num__sttl, cat__proto_igmp, cat__proto_unas",Risk=LOW; attack_probability=0.0; uncertainty=0.0
0,0.0001240874407812953,0.0001240874407812953,0.0002481748815625906,0.5,0.07512408744078129,LOW,P4,False,Monitor,"num__sttl, cat__proto_igmp, cat__proto_unas",Risk=LOW; attack_probability=0.0; uncertainty=0.0
0,0.0001240874407812953,0.0001240874407812953,0.0002481748815625906,0.5,0.07512408744078129,LOW,P4,False,Monitor,"num__sttl, cat__proto_igmp, cat__proto_unas",Risk=LOW; attack_probability=0.0; uncertainty=0.0
0,0.0001240874407812953,0.0001240874407812953,0.0002481748815625906,0.5,0.07512408744078129,LOW,P4,False,Monitor,"num__sttl, cat__proto_igmp, cat__proto_unas",Risk=LOW; attack_probability=0.0; uncertainty=0.0
1,0.7251442074775696,0.7251442074775696,0.5497115850448608,0.5,0.6650576829910277,HIGH,P2,True,Escalate and Investigate,"cat__proto_igmp, cat__proto_unas, num__sttl",Risk=HIGH; attack_probability=0.725; uncertainty=0.55
1,0.7365366816520691,0.7365366816520691,0.5269266366958618,0.5,0.6696146726608276,HIGH,P2,True,Escalate and Investigate,"cat__proto_igmp, cat__proto_unas, num__sttl",Risk=HIGH; attack_probability=0.737; uncertainty=0.527
1,0.9187966585159302,0.9187966585159302,0.16240668296813965,0.5,0.7425186634063721,HIGH,P2,True,Escalate and Investigate,"cat__proto_igmp, num__sttl, cat__proto_unas",Risk=HIGH; attack_probability=0.919; uncertainty=0.162
1,0.7711029052734375,0.7711029052734375,0.457794189453125,0.5,0.683441162109375,HIGH,P2,True,Escalate and Investigate,"cat__proto_igmp, cat__proto_unas, num__sttl",Risk=HIGH; attack_probability=0.771; uncertainty=0.458
1,0.89966881275177,0.89966881275177,0.20066237449645996,0.5,0.734867525100708,HIGH,P2,True,Escalate and Investigate,"cat__proto_igmp, num__sttl, cat__proto_unas",Risk=HIGH; attack_probability=0.9; uncertainty=0.201
1,0.804653525352478,0.804653525352478,0.39069294929504395,0.5,0.6968614101409911,HIGH,P2,True,Escalate and Investigate,"cat__proto_igmp, cat__proto_unas, num__sttl",Risk=HIGH; attack_probability=0.805; uncertainty=0.391
1,0.85127854347229,0.85127854347229,0.2974429130554199,0.5,0.715511417388916,HIGH,P2,True,Escalate and Investigate,"cat__proto_igmp, cat__proto_unas, num__sttl",Risk=HIGH; attack_probability=0.851; uncertainty=0.297
1,0.8580494523048401,0.8580494523048401,0.2839010953903198,0.5,0.718219780921936,HIGH,P2,True,Escalate and Investigate,"cat__proto_igmp, cat__proto_unas, num__sttl",Risk=HIGH; attack_probability=0.858; uncertainty=0.284
1,0.7331069707870483,0.7331069707870483,0.5337860584259033,0.5,0.6682427883148193,HIGH,P2,True,Escalate and Investigate,"cat__proto_igmp, cat__proto_unas, num__sttl",Risk=HIGH; attack_probability=0.733; uncertainty=0.534
1,0.9612312316894531,0.9612312316894531,0.07753753662109375,0.5,0.7594924926757812,HIGH,P2,True,Escalate and Investigate,"cat__proto_igmp, cat__proto_icmp, cat__proto_unas",Risk=HIGH; attack_probability=0.961; uncertainty=0.078
1,0.6470782160758972,0.6470782160758972,0.7058435678482056,0.5,0.6338312864303588,HIGH,P2,True,Escalate and Investigate,"cat__proto_igmp, cat__proto_unas, num__sttl",Risk=HIGH; attack_probability=0.647; uncertainty=0.706
1,0.7388859987258911,0.7388859987258911,0.5222280025482178,0.5,0.6705543994903564,HIGH,P2,True,Escalate and Investigate,"cat__proto_igmp, cat__proto_unas, num__sttl",Risk=HIGH; attack_probability=0.739; uncertainty=0.522
1,0.7785996794700623,0.7785996794700623,0.4428006410598755,0.5,0.6864398717880249,HIGH,P2,True,Escalate and Investigate,"cat__proto_igmp, cat__proto_unas, num__sttl",Risk=HIGH; attack_probability=0.779; uncertainty=0.443
1,0.8257860541343689,0.8257860541343689,0.3484278917312622,0.5,0.7053144216537475,HIGH,P2,True,Escalate and Investigate,"cat__proto_igmp, cat__proto_unas, num__sttl",Risk=HIGH; attack_probability=0.826; uncertainty=0.348
1,0.7961792945861816,0.7961792945861816,0.4076414108276367,0.5,0.6934717178344726,HIGH,P2,True,Escalate and Investigate,"cat__proto_igmp, cat__proto_unas, num__sttl",Risk=HIGH; attack_probability=0.796; uncertainty=0.408
1,0.957841157913208,0.957841157913208,0.08431768417358398,0.5,0.7581364631652832,HIGH,P2,True,Escalate and Investigate,"cat__proto_igmp, num__sttl, cat__proto_unas",Risk=HIGH; attack_probability=0.958; uncertainty=0.084
1,0.9544196128845215,0.9544196128845215,0.09116077423095703,0.5,0.7567678451538086,HIGH,P2,True,Escalate and Investigate,"cat__proto_igmp, num__sttl, cat__proto_unas",Risk=HIGH; attack_probability=0.954; uncertainty=0.091
1,0.8529733419418335,0.8529733419418335,0.294053316116333,0.5,0.7161893367767334,HIGH,P2,True,Escalate and Investigate,"cat__proto_igmp, num__sttl, cat__proto_unas",Risk=HIGH; attack_probability=0.853; uncertainty=0.294
1,0.8335936665534973,0.8335936665534973,0.33281266689300537,0.5,0.7084374666213988,HIGH,P2,True,Escalate and Investigate,"cat__proto_igmp, cat__proto_unas, num__sttl",Risk=HIGH; attack_probability=0.834; uncertainty=0.333
1,0.846735954284668,0.846735954284668,0.30652809143066406,0.5,0.7136943817138671,HIGH,P2,True,Escalate and Investigate,"cat__proto_igmp, num__sttl, cat__proto_unas",Risk=HIGH; attack_probability=0.847; uncertainty=0.307
1,0.8565072417259216,0.8565072417259216,0.28698551654815674,0.5,0.7176028966903686,HIGH,P2,True,Escalate and Investigate,"cat__proto_igmp, num__sttl, cat__proto_unas",Risk=HIGH; attack_probability=0.857; uncertainty=0.287
1,0.8510932326316833,0.8510932326316833,0.2978135347366333,0.5,0.7154372930526733,HIGH,P2,True,Escalate and Investigate,"cat__proto_igmp, cat__proto_unas, num__sttl",Risk=HIGH; attack_probability=0.851; uncertainty=0.298
0,0.38447895646095276,0.38447895646095276,0.7689579129219055,0.5,0.45947895646095277,MODERATE,P3,True,Investigate and Monitor,"cat__proto_igmp, cat__proto_unas, num__sttl",Risk=MODERATE; attack_probability=0.384; uncertainty=0.769
0,0.38543105125427246,0.38543105125427246,0.7708621025085449,0.5,0.46043105125427247,MODERATE,P3,True,Investigate and Monitor,"cat__proto_igmp, cat__proto_unas, cat__proto_ospf",Risk=MODERATE; attack_probability=0.385; uncertainty=0.771
0,0.3590056300163269,0.3590056300163269,0.7180112600326538,0.5,0.4340056300163269,MODERATE,P3,True,Investigate and Monitor,"cat__proto_igmp, cat__proto_unas, num__sttl",Risk=MODERATE; attack_probability=0.359; uncertainty=0.718
0,0.00018525912309996784,0.00018525912309996784,0.0003705182461999357,0.5,0.07518525912309997,LOW,P4,False,Monitor,"num__sttl, cat__proto_igmp, cat__proto_unas",Risk=LOW; attack_probability=0.0; uncertainty=0.0
0,0.00018525912309996784,0.00018525912309996784,0.0003705182461999357,0.5,0.07518525912309997,LOW,P4,False,Monitor,"num__sttl, cat__proto_igmp, cat__proto_unas",Risk=LOW; attack_probability=0.0; uncertainty=0.0
0,0.00018525912309996784,0.00018525912309996784,0.0003705182461999357,0.5,0.07518525912309997,LOW,P4,False,Monitor,"num__sttl, cat__proto_igmp, cat__proto_unas",Risk=LOW; attack_probability=0.0; uncertainty=0.0
1,0.5866835117340088,0.5866835117340088,0.8266329765319824,0.5,0.6096734046936034,HIGH,P2,True,Escalate and Investigate,"cat__proto_igmp, cat__proto_unas, cat__proto_ospf",Risk=HIGH; attack_probability=0.587; uncertainty=0.827
0,0.00018525912309996784,0.00018525912309996784,0.0003705182461999357,0.5,0.07518525912309997,LOW,P4,False,Monitor,"num__sttl, cat__proto_igmp, cat__proto_unas",Risk=LOW; attack_probability=0.0; uncertainty=0.0
0,0.37256136536598206,0.37256136536598206,0.7451227307319641,0.5,0.44756136536598207,MODERATE,P3,True,Investigate and Monitor,"cat__proto_igmp, cat__proto_unas, num__sttl",Risk=MODERATE; attack_probability=0.373; uncertainty=0.745
0,0.3154754042625427,0.3154754042625427,0.6309508085250854,0.5,0.39047540426254274,MODERATE,P3,False,Investigate and Monitor,"cat__proto_igmp, cat__proto_unas, num__sttl",Risk=MODERATE; attack_probability=0.315; uncertainty=0.631
0,0.34974968433380127,0.34974968433380127,0.6994993686676025,0.5,0.4247496843338013,MODERATE,P3,False,Investigate and Monitor,"cat__proto_igmp, cat__proto_unas, num__sttl",Risk=MODERATE; attack_probability=0.35; uncertainty=0.699
1,0.9164962768554688,0.9164962768554688,0.1670074462890625,0.5,0.7415985107421874,HIGH,P2,True,Escalate and Investigate,"cat__proto_igmp, cat__proto_unas, num__sttl",Risk=HIGH; attack_probability=0.916; uncertainty=0.167
0,0.2511692941188812,0.2511692941188812,0.5023385882377625,0.5,0.32616929411888124,LOW,P4,False,Monitor,"cat__proto_igmp, cat__proto_unas, num__sttl",Risk=LOW; attack_probability=0.251; uncertainty=0.502
0,0.28473901748657227,0.28473901748657227,0.5694780349731445,0.5,0.3597390174865723,MODERATE,P3,False,Investigate and Monitor,"cat__proto_igmp, cat__proto_unas, num__sttl",Risk=MODERATE; attack_probability=0.285; uncertainty=0.569
0,0.31217432022094727,0.31217432022094727,0.6243486404418945,0.5,0.3871743202209473,MODERATE,P3,False,Investigate and Monitor,"cat__proto_igmp, cat__proto_unas, num__sttl",Risk=MODERATE; attack_probability=0.312; uncertainty=0.624
1,0.9156218767166138,0.9156218767166138,0.16875624656677246,0.5,0.7412487506866454,HIGH,P2,True,Escalate and Investigate,"cat__proto_igmp, cat__proto_unas, num__ct_dst_ltm",Risk=HIGH; attack_probability=0.916; uncertainty=0.169
